key	code_pass	code_score	judge_overall	hook	clarity	audience	novelty	brand	predicted	judge_cost_usd
49-plump-lips	PASS	1	4.33	4	5	4	4	5	4	0.0673675
50-calm-redness	PASS	1	4.17	4	5	4	3	5	4	0.0673095
51-control-oily-skin	PASS	1	4	4	5	4	3	4	4	0.0674295
52-fade-dark-spots	PASS	1	4.17	4	5	4	3	5	4	0.06789549999999998
53-fresh-breath	PASS	1	4.33	4	5	4	4	5	4	0.0672355
54-defined-collarbones	PASS	1	4.33	4	5	4	4	5	4	0.0673595
55-broad-shoulders	PASS	1	3.83	4	5	4	3	4	3	0.0670565
56-stop-hair-shedding	PASS	1	4.33	4	5	4	4	5	4	0.0677155
57-relax-your-jaw	PASS	1	4.33	4	5	4	4	5	4	0.0673595
58-leaner-legs	PASS	1	4	4	4	5	3	4	4	0.06750850000000001
